sensor_id,host_time_s,boot_ms,seq,accel_x,accel_y,accel_z,gyro_x,gyro_y,gyro_z,mag_x,mag_y,mag_z
chest,1790781827.095958,0,0,0.000000,0.000000,9.806650,0.833433,0.399171,0.813107,20.000000,0.000000,42.000000
chest,1790781827.105958,10,1,-0.039145,0.081728,9.806231,0.830122,0.405918,0.809739,,,
chest,1790781827.115958,20,2,-0.078286,0.163434,9.804976,0.826679,0.412604,0.806289,,,
chest,1790781827.125958,30,3,-0.117419,0.245094,9.802884,0.823106,0.419227,0.802759,,,
chest,1790781827.135958,40,4,-0.156542,0.326688,9.799957,0.819403,0.425785,0.799151,,,
chest,1790781827.145958,50,5,-0.195650,0.408191,9.796197,0.815570,0.432276,0.795466,,,
chest,1790781827.155958,60,6,-0.234740,0.489583,9.791608,0.811608,0.438698,0.791706,,,
chest,1790781827.165958,70,7,-0.273808,0.570840,9.786192,0.807518,0.445049,0.787872,,,
chest,1790781827.175958,80,8,-0.312851,0.651940,9.779953,0.803300,0.451326,0.783968,,,
chest,1790781827.185958,90,9,-0.351864,0.732862,9.772896,0.798954,0.457529,0.779994,,,
chest,1790781827.195958,100,10,-0.390845,0.813584,9.765025,0.794483,0.463654,0.775953,18.244209,1.932032,42.748287
chest,1790781827.205958,110,11,-0.429789,0.894084,9.756346,0.789885,0.469701,0.771847,,,
chest,1790781827.215958,120,12,-0.468693,0.974339,9.746865,0.785162,0.475668,0.767677,,,
chest,1790781827.225958,130,13,-0.507553,1.054330,9.736589,0.780314,0.481552,0.763446,,,
chest,1790781827.235958,140,14,-0.546367,1.134034,9.725525,0.775343,0.487352,0.759156,,,
chest,1790781827.245958,150,15,-0.585129,1.213431,9.713681,0.770248,0.493067,0.754809,,,
chest,1790781827.255958,160,16,-0.623837,1.292499,9.701065,0.765032,0.498695,0.750408,,,
chest,1790781827.265958,170,17,-0.662487,1.371219,9.687686,0.759693,0.504234,0.745954,,,
chest,1790781827.275958,180,18,-0.701076,1.449570,9.673553,0.754234,0.509684,0.741450,,,
chest,1790781827.285958,190,19,-0.739599,1.527531,9.658676,0.748655,0.515042,0.736898,,,
chest,1790781827.295958,200,20,-0.778054,1.605084,9.643066,0.742957,0.520307,0.732300,16.342246,3.940791,43.375121
chest,1790781827.305958,210,21,-0.816437,1.682208,9.626733,0.737141,0.525479,0.727659,,,
chest,1790781827.315958,220,22,-0.854745,1.758884,9.609689,0.731207,0.530555,0.722977,,,
chest,1790781827.325958,230,23,-0.892973,1.835094,9.591945,0.725156,0.535535,0.718257,,,
chest,1790781827.335958,240,24,-0.931119,1.910819,9.573514,0.718991,0.540418,0.713501,,,
chest,1790781827.345958,250,25,-0.969178,1.986040,9.554408,0.712710,0.545202,0.708712,,,
chest,1790781827.355958,260,26,-1.007148,2.060741,9.534641,0.706315,0.549886,0.703891,,,
chest,1790781827.365958,270,27,-1.045026,2.134902,9.514226,0.699808,0.554471,0.699041,,,
chest,1790781827.375958,280,28,-1.082807,2.208508,9.493177,0.693189,0.558954,0.694166,,,
chest,1790781827.385958,290,29,-1.120488,2.281541,9.471508,0.686459,0.563335,0.689266,,,
chest,1790781827.395958,300,30,-1.158067,2.353985,9.449234,0.679619,0.567613,0.684346,14.315315,5.960315,43.858253
chest,1790781827.405958,310,31,-1.195538,2.425824,9.426370,0.672670,0.571788,0.679407,,,
chest,1790781827.415958,320,32,-1.232901,2.497042,9.402932,0.665614,0.575859,0.674451,,,
chest,1790781827.425958,330,33,-1.270150,2.567624,9.378934,0.658450,0.579825,0.669482,,,
chest,1790781827.435958,340,34,-1.307283,2.637555,9.354395,0.651181,0.583686,0.664502,,,
chest,1790781827.445958,350,35,-1.344296,2.706821,9.329329,0.643808,0.587441,0.659513,,,
chest,1790781827.455958,360,36,-1.381187,2.775408,9.303753,0.636330,0.591090,0.654518,,,
chest,1790781827.465958,370,37,-1.417951,2.843302,9.277685,0.628751,0.594633,0.649519,,,
chest,1790781827.475958,380,38,-1.454586,2.910490,9.251141,0.621070,0.598070,0.644519,,,
chest,1790781827.485958,390,39,-1.491089,2.976960,9.224139,0.613288,0.601399,0.639520,,,
chest,1790781827.495958,400,40,-1.527457,3.042699,9.196697,0.605408,0.604621,0.634525,12.187620,7.918043,44.190118
chest,1790781827.505958,410,41,-1.563685,3.107696,9.168833,0.597430,0.607737,0.629536,,,
chest,1790781827.515958,420,42,-1.599772,3.171938,9.140565,0.589355,0.610745,0.624556,,,
chest,1790781827.525958,430,43,-1.635714,3.235416,9.111910,0.581185,0.613645,0.619587,,,
chest,1790781827.535958,440,44,-1.671508,3.298118,9.082888,0.572920,0.616439,0.614631,,,
chest,1790781827.545958,450,45,-1.707152,3.360035,9.053518,0.564562,0.619125,0.609691,,,
chest,1790781827.555958,460,46,-1.742641,3.421157,9.023817,0.556113,0.621705,0.604769,,,
chest,1790781827.565958,470,47,-1.777974,3.481475,8.993805,0.547573,0.624178,0.599868,,,
chest,1790781827.575958,480,48,-1.813146,3.540981,8.963501,0.538943,0.626544,0.594989,,,
chest,1790781827.585958,490,49,-1.848156,3.599665,8.932923,0.530226,0.628804,0.590135,,,
chest,1790781827.595958,500,50,-1.883001,3.657521,8.902092,0.521421,0.630958,0.585309,9.985592,9.739736,44.378210
chest,1790781827.605958,510,51,-1.917676,3.714540,8.871025,0.512531,0.633006,0.580512,,,
chest,1790781827.615958,520,52,-1.952181,3.770717,8.839744,0.503557,0.634949,0.575747,,,
chest,1790781827.625958,530,53,-1.986512,3.826044,8.808266,0.494500,0.636787,0.571015,,,
chest,1790781827.635958,540,54,-2.020665,3.880515,8.776611,0.485362,0.638522,0.566320,,,
chest,1790781827.645958,550,55,-2.054640,3.934125,8.744798,0.476143,0.640152,0.561662,,,
chest,1790781827.655958,560,56,-2.088432,3.986869,8.712848,0.466846,0.641679,0.557045,,,
chest,1790781827.665958,570,57,-2.122039,4.038742,8.680778,0.457471,0.643104,0.552469,,,
chest,1790781827.675958,580,58,-2.155458,4.089739,8.648608,0.448019,0.644427,0.547938,,,
chest,1790781827.685958,590,59,-2.188687,4.139857,8.616358,0.438494,0.645649,0.543452,,,
chest,1790781827.695958,600,60,-2.221724,4.189091,8.584046,0.428894,0.646770,0.539014,7.737010,11.354376,44.443412
chest,1790781827.705958,610,61,-2.254565,4.237439,8.551692,0.419223,0.647791,0.534626,,,
chest,1790781827.715958,620,62,-2.287208,4.284899,8.519314,0.409481,0.648713,0.530290,,,
chest,1790781827.725958,630,63,-2.319651,4.331466,8.486931,0.399670,0.649537,0.526006,,,
chest,1790781827.735958,640,64,-2.351891,4.377141,8.454563,0.389792,0.650263,0.521778,,,
chest,1790781827.745958,650,65,-2.383926,4.421920,8.422227,0.379847,0.650892,0.517605,,,
chest,1790781827.755958,660,66,-2.415753,4.465802,8.389942,0.369837,0.651426,0.513491,,,
chest,1790781827.765958,670,67,-2.447371,4.508787,8.357727,0.359765,0.651865,0.509437,,,
chest,1790781827.775958,680,68,-2.478776,4.550874,8.325599,0.349630,0.652209,0.505444,,,
chest,1790781827.785958,690,69,-2.509966,4.592062,8.293577,0.339434,0.652460,0.501514,,,
chest,1790781827.795958,700,70,-2.540940,4.632352,8.261678,0.329180,0.652619,0.497648,5.470077,12.698331,44.416558
chest,1790781827.805958,710,71,-2.571695,4.671744,8.229920,0.318869,0.652687,0.493847,,,
chest,1790781827.815958,720,72,-2.602228,4.710238,8.198320,0.308501,0.652664,0.490113,,,
chest,1790781827.825958,730,73,-2.632538,4.747836,8.166896,0.298079,0.652552,0.486448,,,
chest,1790781827.835958,740,74,-2.662622,4.784538,8.135664,0.287604,0.652351,0.482851,,,
chest,1790781827.845958,750,75,-2.692479,4.820346,8.104641,0.277078,0.652062,0.479325,,,
chest,1790781827.855958,760,76,-2.722106,4.855262,8.073844,0.266502,0.651687,0.475871,,,
chest,1790781827.865958,770,77,-2.751501,4.889288,8.043288,0.255877,0.651227,0.472489,,,
chest,1790781827.875958,780,78,-2.780663,4.922426,8.012991,0.245206,0.650681,0.469181,,,
chest,1790781827.885958,790,79,-2.809589,4.954678,7.982967,0.234489,0.650052,0.465947,,,
chest,1790781827.895958,800,80,-2.838277,4.986048,7.953232,0.223729,0.649340,0.462789,3.212526,13.718323,44.333816
chest,1790781827.905958,810,81,-2.866725,5.016537,7.923801,0.212926,0.648547,0.459708,,,
chest,1790781827.915958,820,82,-2.894932,5.046150,7.894690,0.202083,0.647672,0.456704,,,
chest,1790781827.925958,830,83,-2.922896,5.074888,7.865912,0.191201,0.646718,0.453777,,,
chest,1790781827.935958,840,84,-2.950615,5.102757,7.837482,0.180281,0.645686,0.450930,,,
chest,1790781827.945958,850,85,-2.978087,5.129759,7.809415,0.169325,0.644575,0.448161,,,
chest,1790781827.955958,860,86,-3.005310,5.155898,7.781723,0.158335,0.643387,0.445473,,,
chest,1790781827.965958,870,87,-3.032283,5.181178,7.754420,0.147312,0.642124,0.442865,,,
chest,1790781827.975958,880,88,-3.059004,5.205604,7.727520,0.136258,0.640785,0.440338,,,
chest,1790781827.985958,890,89,-3.085472,5.229179,7.701035,0.125175,0.639372,0.437893,,,
chest,1790781827.995958,900,90,-3.111684,5.251907,7.674978,0.114063,0.637886,0.435529,0.990790,14.373022,44.231601
chest,1790781828.005958,910,91,-3.137639,5.273793,7.649360,0.102925,0.636328,0.433248,,,
chest,1790781828.015958,920,92,-3.163336,5.294842,7.624194,0.091763,0.634699,0.431049,,,
chest,1790781828.025958,930,93,-3.188773,5.315058,7.599491,0.080577,0.632999,0.428933,,,
chest,1790781828.035958,940,94,-3.213949,5.334446,7.575263,0.069369,0.631229,0.426900,,,
chest,1790781828.045958,950,95,-3.238862,5.353010,7.551519,0.058142,0.629390,0.424950,,,
chest,1790781828.055958,960,96,-3.263511,5.370756,7.528271,0.046896,0.627484,0.423083,,,
chest,1790781828.065958,970,97,-3.287893,5.387687,7.505529,0.035633,0.625510,0.421299,,,
chest,1790781828.075958,980,98,-3.312009,5.403810,7.483303,0.024355,0.623470,0.419599,,,
chest,1790781828.085958,990,99,-3.335857,5.419128,7.461601,0.013064,0.621364,0.417982,,,
chest,1790781828.095958,1000,100,-3.359434,5.433648,7.440434,0.001761,0.619193,0.416448,-1.170693,14.633400,44.141738
chest,1790781828.105958,1010,101,-3.382741,5.447373,7.419810,-0.009552,0.616958,0.414997,,,
chest,1790781828.115958,1020,102,-3.405775,5.460308,7.399737,-0.020875,0.614660,0.413629,,,
chest,1790781828.125958,1030,103,-3.428536,5.472460,7.380224,-0.032204,0.612299,0.412343,,,
chest,1790781828.135958,1040,104,-3.451022,5.483831,7.361279,-0.043538,0.609876,0.411140,,,
chest,1790781828.145958,1050,105,-3.473233,5.494428,7.342908,-0.054877,0.607391,0.410019,,,
chest,1790781828.155958,1060,106,-3.495166,5.504256,7.325119,-0.066217,0.604846,0.408980,,,
chest,1790781828.165958,1070,107,-3.516821,5.513318,7.307919,-0.077559,0.602241,0.408022,,,
chest,1790781828.175958,1080,108,-3.538197,5.521620,7.291314,-0.088899,0.599575,0.407145,,,
chest,1790781828.185958,1090,109,-3.559293,5.529167,7.275310,-0.100236,0.596851,0.406348,,,
chest,1790781828.195958,1100,110,-3.580107,5.535963,7.259913,-0.111569,0.594068,0.405631,-3.250017,14.482177,44.087458
chest,1790781828.205958,1110,111,-3.600639,5.542013,7.245128,-0.122896,0.591227,0.404993,,,
chest,1790781828.215958,1120,112,-3.620887,5.547321,7.230960,-0.134216,0.588329,0.404434,,,
chest,1790781828.225958,1130,113,-3.640852,5.551892,7.217415,-0.145526,0.585373,0.403953,,,
chest,1790781828.235958,1140,114,-3.660531,5.555731,7.204495,-0.156826,0.582361,0.403549,,,
chest,1790781828.245958,1150,115,-3.679923,5.558841,7.192207,-0.168113,0.579293,0.403222,,,
chest,1790781828.255958,1160,116,-3.699029,5.561227,7.180552,-0.179386,0.576169,0.402971,,,
chest,1790781828.265958,1170,117,-3.717847,5.562892,7.169535,-0.190644,0.572989,0.402795,,,
chest,1790781828.275958,1180,118,-3.736376,5.563842,7.159158,-0.201885,0.569754,0.402693,,,
chest,1790781828.285958,1190,119,-3.754616,5.564079,7.149424,-0.213106,0.566465,0.402664,,,
chest,1790781828.295958,1200,120,-3.772565,5.563609,7.140336,-0.224307,0.563121,0.402708,-5.228168,13.912783,44.080616
chest,1790781828.305958,1210,121,-3.790223,5.562433,7.131896,-0.235486,0.559723,0.402823,,,
chest,1790781828.315958,1220,122,-3.807588,5.560556,7.124105,-0.246642,0.556271,0.403009,,,
chest,1790781828.325958,1230,123,-3.824662,5.557982,7.116965,-0.257772,0.552765,0.403264,,,
chest,1790781828.335958,1240,124,-3.841442,5.554713,7.110476,-0.268875,0.549206,0.403587,,,
chest,1790781828.345958,1250,125,-3.857928,5.550753,7.104640,-0.279950,0.545593,0.403978,,,
chest,1790781828.355958,1260,126,-3.874119,5.546106,7.099458,-0.290995,0.541928,0.404435,,,
chest,1790781828.365958,1270,127,-3.890015,5.540773,7.094928,-0.302009,0.538210,0.404957,,,
chest,1790781828.375958,1280,128,-3.905614,5.534758,7.091052,-0.312989,0.534439,0.405543,,,
chest,1790781828.385958,1290,129,-3.920917,5.528063,7.087828,-0.323935,0.530615,0.406191,,,
chest,1790781828.395958,1300,130,-3.935923,5.520691,7.085256,-0.334844,0.526739,0.406901,-7.089205,12.928251,44.120330
chest,1790781828.405958,1310,131,-3.950631,5.512645,7.083335,-0.345716,0.522811,0.407671,,,
chest,1790781828.415958,1320,132,-3.965041,5.503927,7.082063,-0.356548,0.518830,0.408500,,,
chest,1790781828.425958,1330,133,-3.979152,5.494539,7.081439,-0.367339,0.514797,0.409386,,,
chest,1790781828.435958,1340,134,-3.992963,5.484482,7.081461,-0.378087,0.510712,0.410328,,,
chest,1790781828.445958,1350,135,-4.006475,5.473759,7.082126,-0.388792,0.506575,0.411325,,,
chest,1790781828.455958,1360,136,-4.019686,5.462372,7.083431,-0.399451,0.502386,0.412375,,,
chest,1790781828.465958,1370,137,-4.032596,5.450323,7.085375,-0.410063,0.498145,0.413477,,,
chest,1790781828.475958,1380,138,-4.045205,5.437612,7.087953,-0.420626,0.493851,0.414630,,,
chest,1790781828.485958,1390,139,-4.057512,5.424241,7.091163,-0.431140,0.489506,0.415831,,,
chest,1790781828.495958,1400,140,-4.069516,5.410211,7.095001,-0.441601,0.485109,0.417079,-8.820259,11.540306,44.193035
chest,1790781828.505958,1410,141,-4.081219,5.395524,7.099462,-0.452010,0.480659,0.418374,,,
chest,1790781828.515958,1420,142,-4.092618,5.380180,7.104542,-0.462364,0.476158,0.419712,,,
chest,1790781828.525958,1430,143,-4.103714,5.364181,7.110238,-0.472661,0.471604,0.421093,,,
chest,1790781828.535958,1440,144,-4.114506,5.347527,7.116543,-0.482902,0.466999,0.422515,,,
chest,1790781828.545958,1450,145,-4.124994,5.330218,7.123453,-0.493083,0.462341,0.423976,,,
chest,1790781828.555958,1460,146,-4.135177,5.312256,7.130963,-0.503203,0.457631,0.425475,,,
chest,1790781828.565958,1470,147,-4.145056,5.293640,7.139066,-0.513262,0.452869,0.427010,,,
chest,1790781828.575958,1480,148,-4.154630,5.274371,7.147758,-0.523257,0.448055,0.428578,,,
chest,1790781828.585958,1490,149,-4.163898,5.254450,7.157031,-0.533188,0.443188,0.430180,,,
chest,1790781828.595958,1500,150,-4.172861,5.233875,7.166880,-0.543052,0.438269,0.431812,-10.411401,9.768791,44.273846
chest,1790781828.605958,1510,151,-4.181517,5.212648,7.177298,-0.552848,0.433298,0.433473,,,
chest,1790781828.615958,1520,152,-4.189868,5.190767,7.188277,-0.562576,0.428275,0.435161,,,
chest,1790781828.625958,1530,153,-4.197912,5.168234,7.199811,-0.572233,0.423199,0.436875,,,
chest,1790781828.635958,1540,154,-4.205649,5.145047,7.211892,-0.581818,0.418071,0.438612,,,
chest,1790781828.645958,1550,155,-4.213080,5.121207,7.224513,-0.591329,0.412890,0.440371,,,
chest,1790781828.655958,1560,156,-4.220203,5.096712,7.237665,-0.600766,0.407657,0.442150,,,
chest,1790781828.665958,1570,157,-4.227019,5.071563,7.251341,-0.610127,0.402372,0.443947,,,
chest,1790781828.675958,1580,158,-4.233528,5.045759,7.265531,-0.619411,0.397034,0.445760,,,
chest,1790781828.685958,1590,159,-4.239729,5.019298,7.280229,-0.628616,0.391644,0.447587,,,
chest,1790781828.695958,1600,160,-4.245622,4.992182,7.295423,-0.637741,0.386202,0.449426,-11.855373,7.641369,44.328993
chest,1790781828.705958,1610,161,-4.251206,4.964408,7.311107,-0.646785,0.380708,0.451276,,,
chest,1790781828.715958,1620,162,-4.256483,4.935977,7.327269,-0.655746,0.375162,0.453134,,,
chest,1790781828.725958,1630,163,-4.261451,4.906887,7.343901,-0.664623,0.369563,0.454999,,,
chest,1790781828.735958,1640,164,-4.266111,4.877137,7.360993,-0.673415,0.363913,0.456868,,,
chest,1790781828.745958,1650,165,-4.270462,4.846727,7.378534,-0.682120,0.358211,0.458740,,,
chest,1790781828.755958,1660,166,-4.274505,4.815657,7.396516,-0.690738,0.352458,0.460613,,,
chest,1790781828.765958,1670,167,-4.278238,4.783924,7.414926,-0.699266,0.346653,0.462484,,,
chest,1790781828.775958,1680,168,-4.281663,4.751529,7.433756,-0.707704,0.340797,0.464352,,,
chest,1790781828.785958,1690,169,-4.284779,4.718470,7.452993,-0.716051,0.334889,0.466215,,,
chest,1790781828.795958,1700,170,-4.287585,4.684746,7.472627,-0.724305,0.328932,0.468070,-13.147257,5.193357,44.319056
chest,1790781828.805958,1710,171,-4.290083,4.650358,7.492646,-0.732466,0.322923,0.469916,,,
chest,1790781828.815958,1720,172,-4.292271,4.615304,7.513040,-0.740531,0.316865,0.471751,,,
chest,1790781828.825958,1730,173,-4.294149,4.579583,7.533797,-0.748500,0.310756,0.473573,,,
chest,1790781828.835958,1740,174,-4.295719,4.543194,7.554904,-0.756372,0.304598,0.475380,,,
chest,1790781828.845958,1750,175,-4.296979,4.506138,7.576350,-0.764145,0.298391,0.477169,,,
chest,1790781828.855958,1760,176,-4.297929,4.468413,7.598123,-0.771818,0.292135,0.478939,,,
chest,1790781828.865958,1770,177,-4.298570,4.430019,7.620210,-0.779391,0.285831,0.480689,,,
chest,1790781828.875958,1780,178,-4.298902,4.390956,7.642600,-0.786861,0.279479,0.482415,,,
chest,1790781828.885958,1790,179,-4.298924,4.351223,7.665279,-0.794229,0.273080,0.484115,,,
chest,1790781828.895958,1800,180,-4.298637,4.310820,7.688234,-0.801493,0.266633,0.485789,-14.284087,2.467440,44.202676
chest,1790781828.905958,1810,181,-4.298040,4.269746,7.711453,-0.808651,0.260140,0.487434,,,
chest,1790781828.915958,1820,182,-4.297133,4.228003,7.734922,-0.815704,0.253602,0.489048,,,
chest,1790781828.925958,1830,183,-4.295918,4.185588,7.758629,-0.822649,0.247018,0.490629,,,
chest,1790781828.935958,1840,184,-4.294392,4.142504,7.782560,-0.829486,0.240390,0.492176,,,
chest,1790781828.945958,1850,185,-4.292558,4.098750,7.806701,-0.836214,0.233719,0.493686,,,
chest,1790781828.955958,1860,186,-4.290414,4.054326,7.831039,-0.842831,0.227004,0.495157,,,
chest,1790781828.965958,1870,187,-4.287961,4.009234,7.855560,-0.849337,0.220246,0.496587,,,
chest,1790781828.975958,1880,188,-4.285199,3.963473,7.880250,-0.855732,0.213448,0.497976,,,
chest,1790781828.985958,1890,189,-4.282127,3.917045,7.905095,-0.862013,0.206608,0.499320,,,
chest,1790781828.995958,1900,190,-4.278747,3.869951,7.930082,-0.868180,0.199729,0.500619,-15.264461,-0.486943,43.940404
chest,1790781829.005958,1910,191,-4.275057,3.822191,7.955195,-0.874232,0.192811,0.501869,,,
chest,1790781829.015958,1920,192,-4.271059,3.773768,7.980421,-0.880169,0.185855,0.503070,,,
chest,1790781829.025958,1930,193,-4.266752,3.724682,8.005745,-0.885989,0.178861,0.504220,,,
chest,1790781829.035958,1940,194,-4.262136,3.674936,8.031153,-0.891691,0.171832,0.505317,,,
chest,1790781829.045958,1950,195,-4.257212,3.624531,8.056631,-0.897275,0.164767,0.506359,,,
chest,1790781829.055958,1960,196,-4.251979,3.573470,8.082164,-0.902739,0.157669,0.507345,,,
chest,1790781829.065958,1970,197,-4.246438,3.521755,8.107736,-0.908084,0.150538,0.508273,,,
chest,1790781829.075958,1980,198,-4.240589,3.469388,8.133335,-0.913308,0.143375,0.509141,,,
chest,1790781829.085958,1990,199,-4.234432,3.416372,8.158944,-0.918410,0.136182,0.509948,,,
chest,1790781829.095958,2000,200,-4.227968,3.362711,8.184549,-0.923391,0.128959,0.510692,-16.088175,-3.614704,43.498328
chest,1790781829.105958,2010,201,-4.221196,3.308406,8.210136,-0.928248,0.121708,0.511372,,,
chest,1790781829.115958,2020,202,-4.214116,3.253463,8.235690,-0.932981,0.114431,0.511986,,,
chest,1790781829.125958,2030,203,-4.206730,3.197884,8.261195,-0.937589,0.107128,0.512533,,,
chest,1790781829.135958,2040,204,-4.199036,3.141674,8.286638,-0.942073,0.099801,0.513011,,,
chest,1790781829.145958,2050,205,-4.191036,3.084836,8.312003,-0.946431,0.092452,0.513419,,,
chest,1790781829.155958,2060,206,-4.182729,3.027376,8.337275,-0.950662,0.085081,0.513756,,,
chest,1790781829.165958,2070,207,-4.174116,2.969297,8.362441,-0.954766,0.077690,0.514021,,,
chest,1790781829.175958,2080,208,-4.165197,2.910606,8.387484,-0.958742,0.070281,0.514211,,,
chest,1790781829.185958,2090,209,-4.155972,2.851306,8.412391,-0.962590,0.062855,0.514326,,,
chest,1790781829.195958,2100,210,-4.146442,2.791405,8.437148,-0.966310,0.055414,0.514365,-16.755909,-6.856742,42.851191
chest,1790781829.205958,2110,211,-4.136607,2.730906,8.461738,-0.969899,0.047959,0.514327,,,
chest,1790781829.215958,2120,212,-4.126467,2.669817,8.486149,-0.973359,0.040491,0.514210,,,
chest,1790781829.225958,2130,213,-4.116023,2.608144,8.510366,-0.976688,0.033014,0.514014,,,
chest,1790781829.235958,2140,214,-4.105274,2.545894,8.534374,-0.979886,0.025527,0.513738,,,
chest,1790781829.245958,2150,215,-4.094222,2.483073,8.558159,-0.982953,0.018034,0.513380,,,
chest,1790781829.255958,2160,216,-4.082866,2.419689,8.581707,-0.985887,0.010535,0.512939,,,
chest,1790781829.265958,2170,217,-4.071207,2.355749,8.605005,-0.988689,0.003032,0.512416,,,
chest,1790781829.275958,2180,218,-4.059245,2.291261,8.628038,-0.991359,-0.004473,0.511809,,,
chest,1790781829.285958,2190,219,-4.046981,2.226233,8.650793,-0.993895,-0.011978,0.511117,,,
chest,1790781829.295958,2200,220,-4.034415,2.160674,8.673256,-0.996297,-0.019482,0.510340,-17.268983,-10.152058,41.984735
chest,1790781829.305958,2210,221,-4.021548,2.094592,8.695414,-0.998566,-0.026982,0.509477,,,
chest,1790781829.315958,2220,222,-4.008380,2.027996,8.717253,-1.000700,-0.034477,0.508528,,,
chest,1790781829.325958,2230,223,-3.994912,1.960895,8.738762,-1.002699,-0.041965,0.507492,,,
chest,1790781829.335958,2240,224,-3.981143,1.893300,8.759926,-1.004564,-0.049445,0.506369,,,
chest,1790781829.345958,2250,225,-3.967075,1.825219,8.780733,-1.006293,-0.056913,0.505158,,,
chest,1790781829.355958,2260,226,-3.952708,1.756664,8.801171,-1.007886,-0.064369,0.503859,,,
chest,1790781829.365958,2270,227,-3.938043,1.687643,8.821228,-1.009344,-0.071811,0.502471,,,
chest,1790781829.375958,2280,228,-3.923079,1.618169,8.840891,-1.010666,-0.079236,0.500995,,,
chest,1790781829.385958,2290,229,-3.907819,1.548252,8.860150,-1.011851,-0.086643,0.499431,,,
chest,1790781829.395958,2300,230,-3.892261,1.477904,8.878991,-1.012900,-0.094030,0.497777,-17.629187,-13.440149,40.897117
chest,1790781829.405958,2310,231,-3.876408,1.407135,8.897405,-1.013812,-0.101394,0.496035,,,
chest,1790781829.415958,2320,232,-3.860259,1.335958,8.915380,-1.014588,-0.108735,0.494204,,,
chest,1790781829.425958,2330,233,-3.843815,1.264386,8.932905,-1.015227,-0.116050,0.492284,,,
chest,1790781829.435958,2340,234,-3.827077,1.192429,8.949971,-1.015729,-0.123337,0.490275,,,
chest,1790781829.445958,2350,235,-3.810045,1.120101,8.966566,-1.016093,-0.130595,0.488178,,,
chest,1790781829.455958,2360,236,-3.792721,1.047416,8.982682,-1.016321,-0.137821,0.485993,,,
chest,1790781829.465958,2370,237,-3.775105,0.974385,8.998308,-1.016411,-0.145013,0.483721,,,
chest,1790781829.475958,2380,238,-3.757197,0.901022,9.013435,-1.016364,-0.152170,0.481361,,,
chest,1790781829.485958,2390,239,-3.738999,0.827342,9.028055,-1.016180,-0.159290,0.478913,,,
chest,1790781829.495958,2400,240,-3.720512,0.753358,9.042158,-1.015859,-0.166371,0.476380,-17.838705,-16.663459,39.599365
chest,1790781829.505958,2410,241,-3.701735,0.679083,9.055738,-1.015400,-0.173410,0.473760,,,
chest,1790781829.515958,2420,242,-3.682670,0.604533,9.068785,-1.014804,-0.180407,0.471055,,,
chest,1790781829.525958,2430,243,-3.663318,0.529722,9.081293,-1.014071,-0.187360,0.468266,,,
chest,1790781829.535958,2440,244,-3.643680,0.454665,9.093253,-1.013201,-0.194265,0.465392,,,
chest,1790781829.545958,2450,245,-3.623757,0.379376,9.104661,-1.012195,-0.201123,0.462436,,,
chest,1790781829.555958,2460,246,-3.603549,0.303871,9.115508,-1.011051,-0.207931,0.459397,,,
chest,1790781829.565958,2470,247,-3.583057,0.228166,9.125789,-1.009771,-0.214687,0.456277,,,
chest,1790781829.575958,2480,248,-3.562283,0.152275,9.135499,-1.008354,-0.221389,0.453076,,,
chest,1790781829.585958,2490,249,-3.541228,0.076214,9.144631,-1.006801,-0.228036,0.449796,,,
chest,1790781829.595958,2500,250,-3.519892,0.000000,9.153182,-1.005113,-0.234627,0.446437,-17.900108,-19.769639,38.114925
chest,1790781829.605958,2510,251,-3.498277,-0.076352,9.161147,-1.003288,-0.241159,0.443002,,,
chest,1790781829.615958,2520,252,-3.476383,-0.152825,9.168522,-1.001328,-0.247630,0.439490,,,
chest,1790781829.625958,2530,253,-3.454212,-0.229404,9.175303,-0.999232,-0.254041,0.435903,,,
chest,1790781829.635958,2540,254,-3.431765,-0.306071,9.181486,-0.997002,-0.260387,0.432243,,,
chest,1790781829.645958,2550,255,-3.409044,-0.382810,9.187070,-0.994636,-0.266670,0.428511,,,
chest,1790781829.655958,2560,256,-3.386048,-0.459605,9.192052,-0.992137,-0.272886,0.424707,,,
chest,1790781829.665958,2570,257,-3.362780,-0.536438,9.196430,-0.989503,-0.279034,0.420834,,,
chest,1790781829.675958,2580,258,-3.339241,-0.613294,9.200202,-0.986736,-0.285113,0.416893,,,
chest,1790781829.685958,2590,259,-3.315432,-0.690154,9.203368,-0.983836,-0.291122,0.412886,,,
chest,1790781829.695958,2600,260,-3.291355,-0.767002,9.205926,-0.980803,-0.297059,0.408813,-17.816429,-22.713381,36.478448
chest,1790781829.705958,2610,261,-3.267010,-0.843821,9.207877,-0.977637,-0.302922,0.404677,,,
chest,1790781829.715958,2620,262,-3.242399,-0.920594,9.209220,-0.974339,-0.308712,0.400479,,,
chest,1790781829.725958,2630,263,-3.217524,-0.997303,9.209957,-0.970910,-0.314426,0.396221,,,
chest,1790781829.735958,2640,264,-3.192386,-1.073932,9.210088,-0.967350,-0.320063,0.391904,,,
chest,1790781829.745958,2650,265,-3.166986,-1.150463,9.209616,-0.963660,-0.325622,0.387531,,,
chest,1790781829.755958,2660,266,-3.141326,-1.226879,9.208541,-0.959839,-0.331103,0.383103,,,
chest,1790781829.765958,2670,267,-3.115408,-1.303163,9.206866,-0.955889,-0.336503,0.378622,,,
chest,1790781829.775958,2680,268,-3.089232,-1.379297,9.204595,-0.951810,-0.341823,0.374089,,,
chest,1790781829.785958,2690,269,-3.062801,-1.455265,9.201730,-0.947603,-0.347061,0.369507,,,
chest,1790781829.795958,2700,270,-3.036116,-1.531048,9.198276,-0.943268,-0.352216,0.364877,-17.591284,-25.457691,34.734028
chest,1790781829.805958,2710,271,-3.009179,-1.606632,9.194235,-0.938807,-0.357287,0.360201,,,
chest,1790781829.815958,2720,272,-2.981991,-1.681997,9.189614,-0.934218,-0.362274,0.355482,,,
chest,1790781829.825958,2730,273,-2.954555,-1.757127,9.184416,-0.929504,-0.367176,0.350721,,,
chest,1790781829.835958,2740,274,-2.926871,-1.832006,9.178647,-0.924665,-0.371992,0.345921,,,
chest,1790781829.845958,2750,275,-2.898942,-1.906616,9.172314,-0.919702,-0.376722,0.341082,,,
chest,1790781829.855958,2760,276,-2.870770,-1.980940,9.165421,-0.914615,-0.381365,0.336208,,,
chest,1790781829.865958,2770,277,-2.842355,-2.054963,9.157976,-0.909404,-0.385920,0.331300,,,
chest,1790781829.875958,2780,278,-2.813701,-2.128668,9.149986,-0.904072,-0.390388,0.326360,,,
chest,1790781829.885958,2790,279,-2.784809,-2.202037,9.141458,-0.898618,-0.394766,0.321391,,,
chest,1790781829.895958,2800,280,-2.755682,-2.275056,9.132400,-0.893044,-0.399056,0.316394,-17.229037,-27.974503,32.933075
chest,1790781829.905958,2810,281,-2.726320,-2.347707,9.122820,-0.887349,-0.403257,0.311372,,,
chest,1790781829.915958,2820,282,-2.696726,-2.419975,9.112726,-0.881536,-0.407368,0.306326,,,
chest,1790781829.925958,2830,283,-2.666902,-2.491844,9.102128,-0.875604,-0.411390,0.301259,,,
chest,1790781829.935958,2840,284,-2.636850,-2.563298,9.091035,-0.869555,-0.415322,0.296173,,,
chest,1790781829.945958,2850,285,-2.606572,-2.634323,9.079455,-0.863390,-0.419164,0.291070,,,
chest,1790781829.955958,2860,286,-2.576070,-2.704902,9.067401,-0.857109,-0.422916,0.285953,,,
chest,1790781829.965958,2870,287,-2.545347,-2.775020,9.054880,-0.850713,-0.426577,0.280822,,,
chest,1790781829.975958,2880,288,-2.514405,-2.844663,9.041905,-0.844203,-0.430149,0.275681,,,
chest,1790781829.985958,2890,289,-2.483245,-2.913816,9.028486,-0.837581,-0.433631,0.270531,,,
chest,1790781829.995958,2900,290,-2.451870,-2.982464,9.014634,-0.830847,-0.437022,0.265375,-16.734984,-30.244629,31.132021
chest,1790781830.005958,2910,291,-2.420283,-3.050593,9.000361,-0.824002,-0.440325,0.260214,,,
chest,1790781830.015958,2920,292,-2.388486,-3.118190,8.985678,-0.817046,-0.443537,0.255051,,,
chest,1790781830.025958,2930,293,-2.356480,-3.185239,8.970598,-0.809982,-0.446661,0.249888,,,
chest,1790781830.035958,2940,294,-2.324269,-3.251729,8.955134,-0.802810,-0.449695,0.244727,,,
chest,1790781830.045958,2950,295,-2.291855,-3.317644,8.939296,-0.795531,-0.452641,0.239570,,,
chest,1790781830.055958,2960,296,-2.259240,-3.382973,8.923100,-0.788146,-0.455499,0.234419,,,
chest,1790781830.065958,2970,297,-2.226427,-3.447702,8.906557,-0.780657,-0.458269,0.229276,,,
chest,1790781830.075958,2980,298,-2.193419,-3.511819,8.889681,-0.773063,-0.460952,0.224143,,,
chest,1790781830.085958,2990,299,-2.160217,-3.575311,8.872486,-0.765367,-0.463549,0.219022,,,
chest,1790781830.095958,3000,300,-2.126824,-3.638166,8.854984,-0.757570,-0.466059,0.213916,-16.115526,-32.257076,29.389979
chest,1790781830.105958,3010,301,-2.093244,-3.700373,8.837192,-0.749672,-0.468483,0.208825,,,
chest,1790781830.115958,3020,302,-2.059478,-3.761920,8.819121,-0.741674,-0.470823,0.203752,,,
chest,1790781830.125958,3030,303,-2.025530,-3.822795,8.800787,-0.733579,-0.473079,0.198699,,,
chest,1790781830.135958,3040,304,-1.991402,-3.882988,8.782204,-0.725386,-0.475251,0.193668,,,
chest,1790781830.145958,3050,305,-1.957096,-3.942488,8.763387,-0.717098,-0.477340,0.188661,,,
chest,1790781830.155958,3060,306,-1.922616,-4.001284,8.744350,-0.708715,-0.479347,0.183679,,,
chest,1790781830.165958,3070,307,-1.887965,-4.059367,8.725108,-0.700239,-0.481274,0.178725,,,
chest,1790781830.175958,3080,308,-1.853144,-4.116726,8.705677,-0.691671,-0.483120,0.173800,,,
chest,1790781830.185958,3090,309,-1.818158,-4.173351,8.686071,-0.683011,-0.484886,0.168906,,,
chest,1790781830.195958,3100,310,-1.783008,-4.229234,8.666305,-0.674262,-0.486574,0.164044,-15.378331,-34.007797,27.766466
chest,1790781830.205958,3110,311,-1.747698,-4.284366,8.646395,-0.665425,-0.488185,0.159217,,,
chest,1790781830.215958,3120,312,-1.712231,-4.338737,8.626356,-0.656500,-0.489719,0.154426,,,
chest,1790781830.225958,3130,313,-1.676610,-4.392339,8.606203,-0.647489,-0.491178,0.149673,,,
chest,1790781830.235958,3140,314,-1.640837,-4.445164,8.585951,-0.638394,-0.492562,0.144959,,,
chest,1790781830.245958,3150,315,-1.604916,-4.497203,8.565617,-0.629215,-0.493872,0.140286,,,
chest,1790781830.255958,3160,316,-1.568849,-4.548450,8.545215,-0.619954,-0.495110,0.135656,,,
chest,1790781830.265958,3170,317,-1.532641,-4.598897,8.524760,-0.610612,-0.496277,0.131070,,,
chest,1790781830.275958,3180,318,-1.496293,-4.648537,8.504269,-0.601191,-0.497373,0.126529,,,
chest,1790781830.285958,3190,319,-1.459809,-4.697362,8.483757,-0.591692,-0.498401,0.122035,,,
chest,1790781830.295958,3200,320,-1.423193,-4.745367,8.463238,-0.582117,-0.499360,0.117590,-14.532446,-35.497974,26.319230
chest,1790781830.305958,3210,321,-1.386447,-4.792545,8.442728,-0.572466,-0.500252,0.113195,,,
chest,1790781830.315958,3220,322,-1.349574,-4.838890,8.422243,-0.562741,-0.501079,0.108851,,,
chest,1790781830.325958,3230,323,-1.312578,-4.884396,8.401797,-0.552943,-0.501841,0.104559,,,
chest,1790781830.335958,3240,324,-1.275462,-4.929058,8.381406,-0.543075,-0.502540,0.100322,,,
chest,1790781830.345958,3250,325,-1.238229,-4.972870,8.361085,-0.533136,-0.503176,0.096139,,,
chest,1790781830.355958,3260,326,-1.200883,-5.015827,8.340848,-0.523129,-0.503752,0.092013,,,
chest,1790781830.365958,3270,327,-1.163426,-5.057925,8.320710,-0.513056,-0.504267,0.087944,,,
chest,1790781830.375958,3280,328,-1.125863,-5.099159,8.300686,-0.502916,-0.504724,0.083934,,,
chest,1790781830.385958,3290,329,-1.088196,-5.139525,8.280791,-0.492713,-0.505124,0.079984,,,
chest,1790781830.395958,3300,330,-1.050429,-5.179018,8.261038,-0.482447,-0.505468,0.076094,-13.588360,-36.731944,25.102207
chest,1790781830.405958,3310,331,-1.012565,-5.217635,8.241443,-0.472120,-0.505756,0.072266,,,
chest,1790781830.415958,3320,332,-0.974608,-5.255372,8.222018,-0.461733,-0.505991,0.068502,,,
chest,1790781830.425958,3330,333,-0.936561,-5.292226,8.202779,-0.451288,-0.506174,0.064801,,,
chest,1790781830.435958,3340,334,-0.898427,-5.328194,8.183738,-0.440786,-0.506305,0.061164,,,
chest,1790781830.445958,3350,335,-0.860211,-5.363272,8.164909,-0.430229,-0.506386,0.057594,,,
chest,1790781830.455958,3360,336,-0.821915,-5.397458,8.146305,-0.419619,-0.506418,0.054090,,,
chest,1790781830.465958,3370,337,-0.783542,-5.430749,8.127940,-0.408956,-0.506402,0.050653,,,
chest,1790781830.475958,3380,338,-0.745097,-5.463143,8.109827,-0.398242,-0.506340,0.047285,,,
chest,1790781830.485958,3390,339,-0.706583,-5.494637,8.091977,-0.387479,-0.506232,0.043985,,,
chest,1790781830.495958,3400,340,-0.668004,-5.525230,8.074403,-0.376668,-0.506080,0.040755,-12.558004,-37.714926,24.163627
chest,1790781830.505958,3410,341,-0.629362,-5.554919,8.057119,-0.365811,-0.505885,0.037595,,,
chest,1790781830.515958,3420,342,-0.590662,-5.583704,8.040134,-0.354910,-0.505648,0.034507,,,
chest,1790781830.525958,3430,343,-0.551907,-5.611582,8.023462,-0.343965,-0.505371,0.031489,,,
chest,1790781830.535958,3440,344,-0.513101,-5.638552,8.007112,-0.332979,-0.505053,0.028544,,,
chest,1790781830.545958,3450,345,-0.474247,-5.664612,7.991098,-0.321953,-0.504697,0.025672,,,
chest,1790781830.555958,3460,346,-0.435349,-5.689763,7.975428,-0.310888,-0.504304,0.022873,,,
chest,1790781830.565958,3470,347,-0.396410,-5.714002,7.960115,-0.299786,-0.503874,0.020148,,,
chest,1790781830.575958,3480,348,-0.357435,-5.737329,7.945167,-0.288649,-0.503408,0.017496,,,
chest,1790781830.585958,3490,349,-0.318426,-5.759744,7.930595,-0.277478,-0.502909,0.014920,,,
chest,1790781830.595958,3500,350,-0.279387,-5.781246,7.916409,-0.266275,-0.502376,0.012418,-11.454680,-38.450731,23.544248
chest,1790781830.605958,3510,351,-0.240323,-5.801833,7.902617,-0.255042,-0.501810,0.009992,,,
chest,1790781830.615958,3520,352,-0.201236,-5.821507,7.889229,-0.243779,-0.501213,0.007642,,,
chest,1790781830.625958,3530,353,-0.162130,-5.840267,7.876254,-0.232489,-0.500585,0.005367,,,
chest,1790781830.635958,3540,354,-0.123009,-5.858113,7.863699,-0.221172,-0.499928,0.003169,,,
chest,1790781830.645958,3550,355,-0.083877,-5.875044,7.851573,-0.209832,-0.499242,0.001047,,,
chest,1790781830.655958,3560,356,-0.044737,-5.891061,7.839884,-0.198469,-0.498529,-0.000998,,,
chest,1790781830.665958,3570,357,-0.005592,-5.906164,7.828638,-0.187084,-0.497788,-0.002967,,,
chest,1790781830.675958,3580,358,0.033553,-5.920354,7.817843,-0.175680,-0.497021,-0.004858,,,
chest,1790781830.685958,3590,359,0.072694,-5.933630,7.807505,-0.164259,-0.496229,-0.006672,,,
chest,1790781830.695958,3600,360,0.111829,-5.945993,7.797630,-0.152820,-0.495412,-0.008408,-10.292927,-38.939656,23.275713
chest,1790781830.705958,3610,361,0.150954,-5.957444,7.788225,-0.141367,-0.494571,-0.010068,,,
chest,1790781830.715958,3620,362,0.190064,-5.967983,7.779295,-0.129901,-0.493707,-0.011650,,,
chest,1790781830.725958,3630,363,0.229157,-5.977611,7.770845,-0.118423,-0.492821,-0.013154,,,
chest,1790781830.735958,3640,364,0.268229,-5.986328,7.762880,-0.106936,-0.491912,-0.014581,,,
chest,1790781830.745958,3650,365,0.307275,-5.994136,7.755405,-0.095440,-0.490983,-0.015931,,,
chest,1790781830.755958,3660,366,0.346293,-6.001034,7.748423,-0.083937,-0.490033,-0.017203,,,
chest,1790781830.765958,3670,367,0.385278,-6.007024,7.741938,-0.072429,-0.489062,-0.018398,,,
chest,1790781830.775958,3680,368,0.424228,-6.012107,7.735954,-0.060917,-0.488073,-0.019516,,,
chest,1790781830.785958,3690,369,0.463138,-6.016284,7.730473,-0.049404,-0.487064,-0.020557,,,
chest,1790781830.795958,3700,370,0.502005,-6.019555,7.725499,-0.037890,-0.486036,-0.021521,-9.088326,-39.176825,23.379024
chest,1790781830.805958,3710,371,0.540825,-6.021923,7.721032,-0.026377,-0.484991,-0.022408,,,
chest,1790781830.815958,3720,372,0.579595,-6.023387,7.717076,-0.014867,-0.483927,-0.023219,,,
chest,1790781830.825958,3730,373,0.618311,-6.023948,7.713632,-0.003362,-0.482847,-0.023953,,,
chest,1790781830.835958,3740,374,0.656969,-6.023609,7.710701,0.008138,-0.481749,-0.024611,,,
chest,1790781830.845958,3750,375,0.695567,-6.022371,7.708283,0.019630,-0.480635,-0.025194,,,
chest,1790781830.855958,3760,376,0.734100,-6.020233,7.706379,0.031112,-0.479504,-0.025701,,,
chest,1790781830.865958,3770,377,0.772565,-6.017198,7.704989,0.042584,-0.478357,-0.026132,,,
chest,1790781830.875958,3780,378,0.810959,-6.013268,7.704112,0.054043,-0.477195,-0.026489,,,
chest,1790781830.885958,3790,379,0.849277,-6.008442,7.703748,0.065489,-0.476016,-0.026771,,,
chest,1790781830.895958,3800,380,0.887517,-6.002723,7.703896,0.076919,-0.474822,-0.026979,-7.857257,-39.151175,23.863132
chest,1790781830.905958,3810,381,0.925674,-5.996112,7.704554,0.088331,-0.473613,-0.027113,,,
chest,1790781830.915958,3820,382,0.963747,-5.988611,7.705720,0.099725,-0.472388,-0.027174,,,
chest,1790781830.925958,3830,383,1.001730,-5.980220,7.707392,0.111099,-0.471149,-0.027161,,,
chest,1790781830.935958,3840,384,1.039621,-5.970941,7.709568,0.122451,-0.469894,-0.027076,,,
chest,1790781830.945958,3850,385,1.077416,-5.960776,7.712244,0.133780,-0.468624,-0.026919,,,
chest,1790781830.955958,3860,386,1.115111,-5.949727,7.715417,0.145083,-0.467338,-0.026690,,,
chest,1790781830.965958,3870,387,1.152705,-5.937794,7.719084,0.156360,-0.466038,-0.026390,,,
chest,1790781830.975958,3880,388,1.190192,-5.924980,7.723240,0.167609,-0.464722,-0.026020,,,
chest,1790781830.985958,3890,389,1.227570,-5.911286,7.727882,0.178828,-0.463391,-0.025579,,,
chest,1790781830.995958,3900,390,1.264836,-5.896713,7.733004,0.190016,-0.462045,-0.025069,-6.616614,-38.845317,24.723709
chest,1790781831.005958,3910,391,1.301985,-5.881264,7.738601,0.201172,-0.460683,-0.024490,,,
chest,1790781831.015958,3920,392,1.339016,-5.864940,7.744669,0.212293,-0.459305,-0.023843,,,
chest,1790781831.025958,3930,393,1.375924,-5.847743,7.751201,0.223379,-0.457911,-0.023128,,,
chest,1790781831.035958,3940,394,1.412707,-5.829675,7.758191,0.234427,-0.456500,-0.022345,,,
chest,1790781831.045958,3950,395,1.449361,-5.810738,7.765633,0.245436,-0.455074,-0.021497,,,
chest,1790781831.055958,3960,396,1.485883,-5.790934,7.773521,0.256405,-0.453630,-0.020582,,,
chest,1790781831.065958,3970,397,1.522270,-5.770264,7.781847,0.267332,-0.452170,-0.019603,,,
chest,1790781831.075958,3980,398,1.558518,-5.748731,7.790603,0.278216,-0.450692,-0.018558,,,
chest,1790781831.085958,3990,399,1.594626,-5.726337,7.799784,0.289056,-0.449196,-0.017451,,,
chest,1790781831.095958,4000,400,1.630589,-5.703083,7.809379,0.299849,-0.447683,-0.016280,-5.383510,-38.236389,25.942174
chest,1790781831.105958,4010,401,1.666404,-5.678974,7.819382,0.310594,-0.446150,-0.015047,,,
chest,1790781831.115958,4020,402,1.702069,-5.654010,7.829784,0.321290,-0.444599,-0.013753,,,
chest,1790781831.125958,4030,403,1.737581,-5.628194,7.840576,0.331935,-0.443029,-0.012398,,,
chest,1790781831.135958,4040,404,1.772936,-5.601529,7.851749,0.342528,-0.441439,-0.010983,,,
chest,1790781831.145958,4050,405,1.808131,-5.574016,7.863294,0.353068,-0.439828,-0.009509,,,
chest,1790781831.155958,4060,406,1.843165,-5.545660,7.875200,0.363552,-0.438197,-0.007977,,,
chest,1790781831.165958,4070,407,1.878033,-5.516462,7.887460,0.373980,-0.436544,-0.006388,,,
chest,1790781831.175958,4080,408,1.912733,-5.486426,7.900061,0.384350,-0.434870,-0.004742,,,
chest,1790781831.185958,4090,409,1.947262,-5.455554,7.912995,0.394661,-0.433174,-0.003041,,,
chest,1790781831.195958,4100,410,1.981618,-5.423850,7.926249,0.404912,-0.431454,-0.001286,-4.174976,-37.297945,27.485139
chest,1790781831.205958,4110,411,2.015797,-5.391316,7.939815,0.415100,-0.429712,0.000524,,,
chest,1790781831.215958,4120,412,2.049797,-5.357955,7.953680,0.425225,-0.427945,0.002386,,,
chest,1790781831.225958,4130,413,2.083615,-5.323772,7.967834,0.435285,-0.426153,0.004300,,,
chest,1790781831.235958,4140,414,2.117249,-5.288770,7.982265,0.445278,-0.424337,0.006264,,,
chest,1790781831.245958,4150,415,2.150695,-5.252952,7.996961,0.455205,-0.422495,0.008278,,,
chest,1790781831.255958,4160,416,2.183952,-5.216323,8.011911,0.465062,-0.420626,0.010341,,,
chest,1790781831.265958,4170,417,2.217016,-5.178885,8.027103,0.474849,-0.418731,0.012452,,,
chest,1790781831.275958,4180,418,2.249885,-5.140643,8.042524,0.484565,-0.416808,0.014609,,,
chest,1790781831.285958,4190,419,2.282557,-5.101601,8.058163,0.494207,-0.414856,0.016812,,,
chest,1790781831.295958,4200,420,2.315029,-5.061764,8.074006,0.503776,-0.412876,0.019059,-3.007666,-36.002811,29.304463
chest,1790781831.305958,4210,421,2.347298,-5.021135,8.090042,0.513269,-0.410866,0.021350,,,
chest,1790781831.315958,4220,422,2.379362,-4.979720,8.106257,0.522685,-0.408826,0.023682,,,
chest,1790781831.325958,4230,423,2.411219,-4.937523,8.122639,0.532023,-0.406755,0.026056,,,
chest,1790781831.335958,4240,424,2.442867,-4.894550,8.139175,0.541282,-0.404653,0.028470,,,
chest,1790781831.345958,4250,425,2.474303,-4.850804,8.155851,0.550460,-0.402518,0.030922,,,
chest,1790781831.355958,4260,426,2.505524,-4.806292,8.172655,0.559557,-0.400351,0.033412,,,
chest,1790781831.365958,4270,427,2.536529,-4.761019,8.189573,0.568571,-0.398151,0.035939,,,
chest,1790781831.375958,4280,428,2.567315,-4.714990,8.206592,0.577500,-0.395916,0.038500,,,
chest,1790781831.385958,4290,429,2.597880,-4.668212,8.223698,0.586344,-0.393646,0.041095,,,
chest,1790781831.395958,4300,430,2.628222,-4.620689,8.240878,0.595101,-0.391342,0.043723,-1.897602,-34.326672,31.338135
chest,1790781831.405958,4310,431,2.658338,-4.572429,8.258118,0.603771,-0.389001,0.046382,,,
chest,1790781831.415958,4320,432,2.688228,-4.523437,8.275405,0.612351,-0.386624,0.049071,,,
chest,1790781831.425958,4330,433,2.717888,-4.473720,8.292726,0.620842,-0.384209,0.051789,,,
chest,1790781831.435958,4340,434,2.747316,-4.423285,8.310065,0.629241,-0.381757,0.054534,,,
chest,1790781831.445958,4350,435,2.776511,-4.372138,8.327411,0.637548,-0.379267,0.057306,,,
chest,1790781831.455958,4360,436,2.805471,-4.320287,8.344749,0.645761,-0.376737,0.060102,,,
chest,1790781831.465958,4370,437,2.834193,-4.267739,8.362066,0.653880,-0.374168,0.062922,,,
chest,1790781831.475958,4380,438,2.862676,-4.214501,8.379347,0.661903,-0.371559,0.065763,,,
chest,1790781831.485958,4390,439,2.890918,-4.160580,8.396580,0.669829,-0.368909,0.068625,,,
chest,1790781831.495958,4400,440,2.918916,-4.105985,8.413750,0.677658,-0.366218,0.071507,-0.859946,-32.252075,33.512149
chest,1790781831.505958,4410,441,2.946670,-4.050724,8.430845,0.685388,-0.363485,0.074406,,,
chest,1790781831.515958,4420,442,2.974177,-3.994805,8.447851,0.693017,-0.360711,0.077322,,,
chest,1790781831.525958,4430,443,3.001436,-3.938237,8.464754,0.700546,-0.357893,0.080253,,,
chest,1790781831.535958,4440,444,3.028445,-3.881027,8.481541,0.707973,-0.355033,0.083197,,,
chest,1790781831.545958,4450,445,3.055203,-3.823185,8.498199,0.715297,-0.352128,0.086154,,,
chest,1790781831.555958,4460,446,3.081706,-3.764719,8.514714,0.722517,-0.349180,0.089121,,,
chest,1790781831.565958,4470,447,3.107955,-3.705640,8.531074,0.729632,-0.346188,0.092098,,,
chest,1790781831.575958,4480,448,3.133947,-3.645956,8.547266,0.736642,-0.343151,0.095082,,,
chest,1790781831.585958,4490,449,3.159681,-3.585678,8.563277,0.743544,-0.340068,0.098073,,,
chest,1790781831.595958,4500,450,3.185156,-3.524814,8.579094,0.750340,-0.336940,0.101068,0.091179,-29.772374,35.743495
chest,1790781831.605958,4510,451,3.210369,-3.463375,8.594705,0.757026,-0.333767,0.104067,,,
chest,1790781831.615958,4520,452,3.235319,-3.401371,8.610097,0.763603,-0.330547,0.107067,,,
chest,1790781831.625958,4530,453,3.260006,-3.338812,8.625258,0.770070,-0.327281,0.110068,,,
chest,1790781831.635958,4540,454,3.284426,-3.275710,8.640177,0.776426,-0.323969,0.113068,,,
chest,1790781831.645958,4550,455,3.308580,-3.212074,8.654840,0.782669,-0.320610,0.116066,,,
chest,1790781831.655958,4560,456,3.332466,-3.147916,8.669237,0.788800,-0.317204,0.119059,,,
chest,1790781831.665958,4570,457,3.356083,-3.083247,8.683357,0.794817,-0.313750,0.122046,,,
chest,1790781831.675958,4580,458,3.379428,-3.018078,8.697187,0.800720,-0.310250,0.125027,,,
chest,1790781831.685958,4590,459,3.402501,-2.952421,8.710716,0.806507,-0.306702,0.127999,,,
chest,1790781831.695958,4600,460,3.425301,-2.886287,8.723935,0.812179,-0.303107,0.130961,0.942821,-26.895140,37.944203
chest,1790781831.705958,4610,461,3.447827,-2.819689,8.736832,0.817734,-0.299465,0.133911,,,
chest,1790781831.715958,4620,462,3.470077,-2.752637,8.749397,0.823171,-0.295775,0.136849,,,
chest,1790781831.725958,4630,463,3.492050,-2.685145,8.761619,0.828490,-0.292037,0.139771,,,
chest,1790781831.735958,4640,464,3.513745,-2.617225,8.773489,0.833691,-0.288252,0.142678,,,
chest,1790781831.745958,4650,465,3.535160,-2.548889,8.784998,0.838772,-0.284420,0.145568,,,
chest,1790781831.755958,4660,466,3.556296,-2.480149,8.796136,0.843732,-0.280541,0.148438,,,
chest,1790781831.765958,4670,467,3.577151,-2.411019,8.806893,0.848572,-0.276615,0.151289,,,
chest,1790781831.775958,4680,468,3.597723,-2.341511,8.817261,0.853290,-0.272642,0.154117,,,
chest,1790781831.785958,4690,469,3.618012,-2.271639,8.827232,0.857887,-0.268622,0.156923,,,
chest,1790781831.795958,4700,470,3.638017,-2.201415,8.836797,0.862360,-0.264556,0.159704,1.683287,-23.644544,40.026267
chest,1790781831.805958,4710,471,3.657737,-2.130854,8.845949,0.866711,-0.260443,0.162458,,,
chest,1790781831.815958,4720,472,3.677171,-2.059967,8.854679,0.870937,-0.256285,0.165186,,,
chest,1790781831.825958,4730,473,3.696317,-1.988769,8.862980,0.875039,-0.252081,0.167885,,,
chest,1790781831.835958,4740,474,3.715176,-1.917273,8.870846,0.879017,-0.247832,0.170554,,,
chest,1790781831.845958,4750,475,3.733747,-1.845494,8.878270,0.882868,-0.243538,0.173191,,,
chest,1790781831.855958,4760,476,3.752028,-1.773444,8.885244,0.886594,-0.239200,0.175796,,,
chest,1790781831.865958,4770,477,3.770018,-1.701138,8.891764,0.890194,-0.234818,0.178366,,,
chest,1790781831.875958,4780,478,3.787718,-1.628590,8.897824,0.893667,-0.230392,0.180902,,,
chest,1790781831.885958,4790,479,3.805126,-1.555813,8.903418,0.897012,-0.225924,0.183400,,,
chest,1790781831.895958,4800,480,3.822241,-1.482822,8.908541,0.900230,-0.221413,0.185862,2.302192,-20.062321,41.907078
chest,1790781831.905958,4810,481,3.839063,-1.409631,8.913188,0.903320,-0.216860,0.188284,,,
chest,1790781831.915958,4820,482,3.855591,-1.336254,8.917356,0.906281,-0.212266,0.190666,,,
chest,1790781831.925958,4830,483,3.871824,-1.262706,8.921039,0.909114,-0.207631,0.193006,,,
chest,1790781831.935958,4840,484,3.887762,-1.189000,8.924235,0.911817,-0.202956,0.195305,,,
chest,1790781831.945958,4850,485,3.903404,-1.115151,8.926940,0.914391,-0.198242,0.197559,,,
chest,1790781831.955958,4860,486,3.918749,-1.041174,8.929151,0.916835,-0.193490,0.199769,,,
chest,1790781831.965958,4870,487,3.933798,-0.967082,8.930866,0.919148,-0.188699,0.201934,,,
chest,1790781831.975958,4880,488,3.948548,-0.892890,8.932082,0.921332,-0.183871,0.204052,,,
chest,1790781831.985958,4890,489,3.963001,-0.818613,8.932798,0.923384,-0.179007,0.206122,,,
chest,1790781831.995958,4900,490,3.977154,-0.744264,8.933012,0.925306,-0.174108,0.208143,2.790478,-16.207096,43.514863
chest,1790781832.005958,4910,491,3.991008,-0.669858,8.932722,0.927096,-0.169174,0.210115,,,
chest,1790781832.015958,4920,492,4.004563,-0.595410,8.931929,0.928756,-0.164206,0.212037,,,
chest,1790781832.025958,4930,493,4.017817,-0.520934,8.930630,0.930283,-0.159204,0.213907,,,
chest,1790781832.035958,4940,494,4.030770,-0.446443,8.928828,0.931679,-0.154171,0.215725,,,
chest,1790781832.045958,4950,495,4.043422,-0.371953,8.926521,0.932943,-0.149107,0.217490,,,
chest,1790781832.055958,4960,496,4.055772,-0.297478,8.923710,0.934075,-0.144012,0.219201,,,
chest,1790781832.065958,4970,497,4.067820,-0.223030,8.920397,0.935075,-0.138888,0.220858,,,
chest,1790781832.075958,4980,498,4.079565,-0.148626,8.916582,0.935943,-0.133736,0.222460,,,
chest,1790781832.085958,4990,499,4.091008,-0.074278,8.912268,0.936678,-0.128556,0.224006,,,
chest,1790781832.095958,5000,500,4.102147,-0.000000,8.907456,0.937281,-0.123351,0.225496,3.140410,-12.152066,44.793583
chest,1790781832.105958,5010,501,4.112983,0.074193,8.902149,0.937752,-0.118119,0.226929,,,
chest,1790781832.115958,5020,502,4.123514,0.148288,8.896349,0.938090,-0.112864,0.228305,,,
chest,1790781832.125958,5030,503,4.133741,0.222272,8.890060,0.938295,-0.107585,0.229623,,,
chest,1790781832.135958,5040,504,4.143663,0.296130,8.883285,0.938369,-0.102284,0.230882,,,
chest,1790781832.145958,5050,505,4.153281,0.369849,8.876027,0.938310,-0.096961,0.232083,,,
chest,1790781832.155958,5060,506,4.162593,0.443417,8.868291,0.938118,-0.091619,0.233224,,,
chest,1790781832.165958,5070,507,4.171599,0.516819,8.860082,0.937794,-0.086258,0.234306,,,
chest,1790781832.175958,5080,508,4.180299,0.590042,8.851403,0.937338,-0.080878,0.235328,,,
chest,1790781832.185958,5090,509,4.188694,0.663075,8.842260,0.936750,-0.075482,0.236291,,,
chest,1790781832.195958,5100,510,4.196782,0.735903,8.832658,0.936030,-0.070071,0.237193,3.345570,-7.981247,45.706749
chest,1790781832.205958,5110,511,4.204563,0.808514,8.822604,0.935178,-0.064644,0.238034,,,
chest,1790781832.215958,5120,512,4.212037,0.880896,8.812102,0.934195,-0.059204,0.238815,,,
chest,1790781832.225958,5130,513,4.219204,0.953037,8.801160,0.933080,-0.053752,0.239536,,,
chest,1790781832.235958,5140,514,4.226064,1.024923,8.789784,0.931833,-0.048288,0.240196,,,
chest,1790781832.245958,5150,515,4.232617,1.096543,8.777980,0.930456,-0.042814,0.240795,,,
chest,1790781832.255958,5160,516,4.238862,1.167886,8.765756,0.928947,-0.037331,0.241334,,,
chest,1790781832.265958,5170,517,4.244799,1.238938,8.753120,0.927308,-0.031840,0.241812,,,
chest,1790781832.275958,5180,518,4.250427,1.309690,8.740078,0.925538,-0.026342,0.242230,,,
chest,1790781832.285958,5190,519,4.255748,1.380128,8.726640,0.923639,-0.020839,0.242588,,,
chest,1790781832.295958,5200,520,4.260760,1.450243,8.712812,0.921610,-0.015330,0.242885,3.400847,-3.784713,46.239704
chest,1790781832.305958,5210,521,4.265464,1.520023,8.698605,0.919451,-0.009819,0.243123,,,
chest,1790781832.315958,5220,522,4.269860,1.589458,8.684026,0.917163,-0.004304,0.243302,,,
chest,1790781832.325958,5230,523,4.273946,1.658536,8.669085,0.914746,0.001212,0.243421,,,
chest,1790781832.335958,5240,524,4.277724,1.727247,8.653790,0.912201,0.006728,0.243482,,,
chest,1790781832.345958,5250,525,4.281193,1.795581,8.638151,0.909527,0.012244,0.243484,,,
chest,1790781832.355958,5260,526,4.284353,1.863529,8.622179,0.906726,0.017758,0.243428,,,
chest,1790781832.365958,5270,527,4.287203,1.931079,8.605882,0.903798,0.023269,0.243315,,,
chest,1790781832.375958,5280,528,4.289745,1.998222,8.589271,0.900743,0.028777,0.243145,,,
chest,1790781832.385958,5290,529,4.291977,2.064949,8.572357,0.897562,0.034279,0.242919,,,
chest,1790781832.395958,5300,530,4.293900,2.131251,8.555149,0.894255,0.039777,0.242637,3.302454,0.346611,46.400147
chest,1790781832.405958,5310,531,4.295513,2.197119,8.537659,0.890823,0.045267,0.242300,,,
chest,1790781832.415958,5320,532,4.296818,2.262543,8.519897,0.887265,0.050750,0.241909,,,
chest,1790781832.425958,5330,533,4.297812,2.327515,8.501874,0.883584,0.056224,0.241464,,,
chest,1790781832.435958,5340,534,4.298498,2.392027,8.483602,0.879778,0.061689,0.240966,,,
chest,1790781832.445958,5350,535,4.298873,2.456071,8.465092,0.875850,0.067143,0.240416,,,
chest,1790781832.455958,5360,536,4.298940,2.519637,8.446356,0.871798,0.072586,0.239814,,,
chest,1790781832.465958,5370,537,4.298697,2.582720,8.427405,0.867625,0.078017,0.239162,,,
chest,1790781832.475958,5380,538,4.298144,2.645310,8.408251,0.863330,0.083435,0.238461,,,
chest,1790781832.485958,5390,539,4.297282,2.707400,8.388906,0.858915,0.088839,0.237710,,,
chest,1790781832.495958,5400,540,4.296110,2.768984,8.369382,0.854379,0.094229,0.236912,3.047959,4.325997,46.216833
chest,1790781832.505958,5410,541,4.294629,2.830055,8.349691,0.849724,0.099603,0.236067,,,
chest,1790781832.515958,5420,542,4.292839,2.890604,8.329845,0.844949,0.104961,0.235177,,,
chest,1790781832.525958,5430,543,4.290739,2.950627,8.309858,0.840057,0.110302,0.234241,,,
chest,1790781832.535958,5440,544,4.288330,3.010116,8.289741,0.835047,0.115625,0.233262,,,
chest,1790781832.545958,5450,545,4.285612,3.069065,8.269507,0.829921,0.120931,0.232241,,,
chest,1790781832.555958,5460,546,4.282585,3.127469,8.249169,0.824678,0.126217,0.231178,,,
chest,1790781832.565958,5470,547,4.279248,3.185321,8.228739,0.819320,0.131484,0.230074,,,
chest,1790781832.575958,5480,548,4.275603,3.242615,8.208231,0.813848,0.136731,0.228931,,,
chest,1790781832.585958,5490,549,4.271649,3.299348,8.187656,0.808262,0.141957,0.227751,,,
chest,1790781832.595958,5500,550,4.267386,3.355512,8.167028,0.802563,0.147161,0.226533,2.636349,8.075248,45.736638
chest,1790781832.605958,5510,551,4.262814,3.411103,8.146360,0.796752,0.152344,0.225280,,,
chest,1790781832.615958,5520,552,4.257934,3.466116,8.125664,0.790830,0.157504,0.223993,,,
chest,1790781832.625958,5530,553,4.252745,3.520547,8.104955,0.784797,0.162641,0.222673,,,
chest,1790781832.635958,5540,554,4.247249,3.574390,8.084244,0.778654,0.167755,0.221321,,,
chest,1790781832.645958,5550,555,4.241444,3.627642,8.063545,0.772403,0.172846,0.219938,,,
chest,1790781832.655958,5560,556,4.235331,3.680298,8.042870,0.766044,0.177912,0.218527,,,
chest,1790781832.665958,5570,557,4.228910,3.732354,8.022234,0.759579,0.182953,0.217088,,,
chest,1790781832.675958,5580,558,4.222182,3.783806,8.001648,0.753007,0.187969,0.215622,,,
chest,1790781832.685958,5590,559,4.215147,3.834650,7.981126,0.746330,0.192960,0.214132,,,
chest,1790781832.695958,5600,560,4.207804,3.884884,7.960681,0.739549,0.197926,0.212618,2.068122,11.527881,45.020338
chest,1790781832.705958,5610,561,4.200154,3.934502,7.940326,0.732665,0.202865,0.211082,,,
chest,1790781832.715958,5620,562,4.192198,3.983503,7.920074,0.725678,0.207779,0.209525,,,
chest,1790781832.725958,5630,563,4.183935,4.031883,7.899937,0.718591,0.212666,0.207949,,,
chest,1790781832.735958,5640,564,4.175365,4.079638,7.879928,0.711403,0.217526,0.206355,,,
chest,1790781832.745958,5650,565,4.166490,4.126765,7.860061,0.704116,0.222359,0.204745,,,
chest,1790781832.755958,5660,566,4.157309,4.173263,7.840347,0.696730,0.227165,0.203120,,,
chest,1790781832.765958,5670,567,4.147822,4.219128,7.820800,0.689248,0.231944,0.201482,,,
chest,1790781832.775958,5680,568,4.138031,4.264358,7.801432,0.681669,0.236695,0.199831,,,
chest,1790781832.785958,5690,569,4.127934,4.308949,7.782255,0.673996,0.241419,0.198170,,,
chest,1790781832.795958,5700,570,4.117533,4.352900,7.763283,0.666228,0.246116,0.196501,1.345416,14.630941,44.137574
chest,1790781832.805958,5710,571,4.106828,4.396209,7.744527,0.658368,0.250784,0.194824,,,
chest,1790781832.815958,5720,572,4.095819,4.438872,7.725999,0.650415,0.255425,0.193141,,,
chest,1790781832.825958,5730,573,4.084506,4.480889,7.707712,0.642372,0.260038,0.191454,,,
chest,1790781832.835958,5740,574,4.072891,4.522256,7.689678,0.634240,0.264624,0.189764,,,
chest,1790781832.845958,5750,575,4.060972,4.562972,7.671908,0.626019,0.269181,0.188072,,,
chest,1790781832.855958,5760,576,4.048752,4.603036,7.654414,0.617711,0.273711,0.186381,,,
chest,1790781832.865958,5770,577,4.036229,4.642444,7.637209,0.609316,0.278212,0.184692,,,
chest,1790781832.875958,5780,578,4.023405,4.681195,7.620302,0.600837,0.282686,0.183006,,,
chest,1790781832.885958,5790,579,4.010280,4.719288,7.603707,0.592274,0.287132,0.181325,,,
chest,1790781832.895958,5800,580,3.996854,4.756721,7.587433,0.583628,0.291551,0.179650,0.472149,17.345420,43.161481
chest,1790781832.905958,5810,581,3.983128,4.793492,7.571493,0.574901,0.295942,0.177983,,,
chest,1790781832.915958,5820,582,3.969103,4.829599,7.555897,0.566094,0.300305,0.176326,,,
chest,1790781832.925958,5830,583,3.954779,4.865041,7.540655,0.557208,0.304641,0.174680,,,
chest,1790781832.935958,5840,584,3.940156,4.899816,7.525779,0.548244,0.308950,0.173046,,,
chest,1790781832.945958,5850,585,3.925235,4.933923,7.511279,0.539203,0.313232,0.171427,,,
chest,1790781832.955958,5860,586,3.910017,4.967360,7.497165,0.530088,0.317486,0.169823,,,
chest,1790781832.965958,5870,587,3.894502,5.000126,7.483447,0.520898,0.321713,0.168236,,,
chest,1790781832.975958,5880,588,3.878691,5.032218,7.470136,0.511636,0.325914,0.166668,,,
chest,1790781832.985958,5890,589,3.862584,5.063636,7.457240,0.502302,0.330088,0.165120,,,
chest,1790781832.995958,5900,590,3.846182,5.094378,7.444769,0.492899,0.334235,0.163594,-0.545828,19.645453,42.163470
chest,1790781833.005958,5910,591,3.829486,5.124441,7.432733,0.483426,0.338357,0.162091,,,
chest,1790781833.015958,5920,592,3.812496,5.153826,7.421141,0.473886,0.342451,0.160612,,,
chest,1790781833.025958,5930,593,3.795214,5.182530,7.410001,0.464279,0.346520,0.159160,,,
chest,1790781833.035958,5940,594,3.777639,5.210551,7.399323,0.454608,0.350563,0.157736,,,
chest,1790781833.045958,5950,595,3.759774,5.237888,7.389115,0.444874,0.354580,0.156340,,,
chest,1790781833.055958,5960,596,3.741617,5.264539,7.379385,0.435077,0.358572,0.154976,,,
chest,1790781833.065958,5970,597,3.723171,5.290502,7.370141,0.425219,0.362538,0.153643,,,
chest,1790781833.075958,5980,598,3.704435,5.315776,7.361391,0.415302,0.366478,0.152344,,,
chest,1790781833.085958,5990,599,3.685412,5.340358,7.353142,0.405326,0.370394,0.151080,,,
chest,1790781833.095958,6000,600,3.666101,5.364248,7.345403,0.395294,0.374284,0.149852,-1.700575,21.516651,41.208516
chest,1790781833.105958,6010,601,3.646503,5.387442,7.338179,0.385207,0.378150,0.148662,,,
chest,1790781833.115958,6020,602,3.626620,5.409939,7.331478,0.375065,0.381991,0.147512,,,
chest,1790781833.125958,6030,603,3.606453,5.431738,7.325306,0.364871,0.385807,0.146401,,,
chest,1790781833.135958,6040,604,3.586002,5.452835,7.319670,0.354626,0.389599,0.145334,,,
chest,1790781833.145958,6050,605,3.565268,5.473228,7.314576,0.344331,0.393366,0.144309,,,
chest,1790781833.155958,6060,606,3.544253,5.492917,7.310029,0.333988,0.397109,0.143329,,,
chest,1790781833.165958,6070,607,3.522957,5.511897,7.306035,0.323597,0.400827,0.142395,,,
chest,1790781833.175958,6080,608,3.501382,5.530167,7.302600,0.313162,0.404521,0.141509,,,
chest,1790781833.185958,6090,609,3.479528,5.547724,7.299728,0.302682,0.408191,0.140672,,,
chest,1790781833.195958,6100,610,3.457396,5.564567,7.297424,0.292159,0.411837,0.139884,-2.981944,22.953976,40.351246
chest,1790781833.205958,6110,611,3.434989,5.580691,7.295692,0.281595,0.415459,0.139148,,,
chest,1790781833.215958,6120,612,3.412306,5.596095,7.294537,0.270992,0.419057,0.138465,,,
chest,1790781833.225958,6130,613,3.389350,5.610776,7.293962,0.260350,0.422630,0.137835,,,
chest,1790781833.235958,6140,614,3.366121,5.624730,7.293972,0.249672,0.426180,0.137261,,,
chest,1790781833.245958,6150,615,3.342621,5.637956,7.294568,0.238958,0.429705,0.136743,,,
chest,1790781833.255958,6160,616,3.318850,5.650450,7.295755,0.228210,0.433206,0.136282,,,
chest,1790781833.265958,6170,617,3.294811,5.662208,7.297534,0.217430,0.436682,0.135881,,,
chest,1790781833.275958,6180,618,3.270504,5.673229,7.299909,0.206619,0.440134,0.135539,,,
chest,1790781833.285958,6190,619,3.245931,5.683507,7.302880,0.195778,0.443562,0.135258,,,
chest,1790781833.295958,6200,620,3.221094,5.693041,7.306450,0.184909,0.446964,0.135040,-4.377489,23.959615,39.632997
chest,1790781833.305958,6210,621,3.195993,5.701827,7.310621,0.174014,0.450342,0.134885,,,
chest,1790781833.315958,6220,622,3.170631,5.709861,7.315392,0.163094,0.453695,0.134794,,,
chest,1790781833.325958,6230,623,3.145008,5.717140,7.320766,0.152150,0.457022,0.134769,,,
chest,1790781833.335958,6240,624,3.119126,5.723660,7.326742,0.141185,0.460324,0.134811,,,
chest,1790781833.345958,6250,625,3.092987,5.729418,7.333320,0.130199,0.463600,0.134920,,,
chest,1790781833.355958,6260,626,3.066592,5.734409,7.340501,0.119193,0.466849,0.135098,,,
chest,1790781833.365958,6270,627,3.039944,5.738629,7.348283,0.108171,0.470072,0.135345,,,
chest,1790781833.375958,6280,628,3.013042,5.742076,7.356665,0.097132,0.473269,0.135664,,,
chest,1790781833.385958,6290,629,2.985890,5.744744,7.365647,0.086079,0.476438,0.136053,,,
chest,1790781833.395958,6300,630,2.958489,5.746630,7.375226,0.075013,0.479580,0.136515,-5.872445,24.541246,39.079939
chest,1790781833.405958,6310,631,2.930841,5.747730,7.385401,0.063936,0.482693,0.137051,,,
chest,1790781833.415958,6320,632,2.902947,5.748039,7.396170,0.052848,0.485778,0.137660,,,
chest,1790781833.425958,6330,633,2.874809,5.747554,7.407529,0.041752,0.488834,0.138345,,,
chest,1790781833.435958,6340,634,2.846429,5.746269,7.419475,0.030650,0.491861,0.139105,,,
chest,1790781833.445958,6350,635,2.817809,5.744181,7.432006,0.019542,0.494857,0.139943,,,
chest,1790781833.455958,6360,636,2.788951,5.741286,7.445117,0.008430,0.497823,0.140857,,,
chest,1790781833.465958,6370,637,2.759857,5.737578,7.458805,-0.002684,0.500758,0.141850,,,
chest,1790781833.475958,6380,638,2.730528,5.733054,7.473064,-0.013799,0.503661,0.142921,,,
chest,1790781833.485958,6390,639,2.700967,5.727709,7.487891,-0.024914,0.506531,0.144072,,,
chest,1790781833.495958,6400,640,2.671176,5.721539,7.503279,-0.036026,0.509369,0.145303,-7.449785,24.710966,38.702311
chest,1790781833.505958,6410,641,2.641157,5.714539,7.519223,-0.047134,0.512172,0.146615,,,
chest,1790781833.515958,6420,642,2.610911,5.706705,7.535718,-0.058237,0.514941,0.148008,,,
chest,1790781833.525958,6430,643,2.580441,5.698032,7.552757,-0.069333,0.517674,0.149483,,,
chest,1790781833.535958,6440,644,2.549750,5.688515,7.570334,-0.080421,0.520371,0.151041,,,
chest,1790781833.545958,6450,645,2.518838,5.678152,7.588441,-0.091499,0.523031,0.152681,,,
chest,1790781833.555958,6460,646,2.487709,5.666936,7.607071,-0.102565,0.525653,0.154404,,,
chest,1790781833.565958,6470,647,2.456365,5.654863,7.626216,-0.113619,0.528236,0.156211,,,
chest,1790781833.575958,6480,648,2.424808,5.641930,7.645869,-0.124658,0.530779,0.158102,,,
chest,1790781833.585958,6490,649,2.393041,5.628132,7.666020,-0.135682,0.533282,0.160078,,,
chest,1790781833.595958,6500,650,2.361065,5.613465,7.686662,-0.146688,0.535743,0.162138,-9.090365,24.485009,38.494799
chest,1790781833.605958,6510,651,2.328883,5.597924,7.707784,-0.157675,0.538162,0.164283,,,
chest,1790781833.615958,6520,652,2.296498,5.581505,7.729378,-0.168641,0.540537,0.166513,,,
chest,1790781833.625958,6530,653,2.263912,5.564205,7.751433,-0.179586,0.542867,0.168829,,,
chest,1790781833.635958,6540,654,2.231127,5.546018,7.773940,-0.190507,0.545151,0.171229,,,
chest,1790781833.645958,6550,655,2.198146,5.526943,7.796887,-0.201403,0.547388,0.173716,,,
chest,1790781833.655958,6560,656,2.164972,5.506974,7.820263,-0.212272,0.549577,0.176287,,,
chest,1790781833.665958,6570,657,2.131606,5.486108,7.844059,-0.223114,0.551717,0.178945,,,
chest,1790781833.675958,6580,658,2.098053,5.464342,7.868261,-0.233926,0.553807,0.181688,,,
chest,1790781833.685958,6590,659,2.064313,5.441671,7.892858,-0.244707,0.555845,0.184516,,,
chest,1790781833.695958,6600,660,2.030391,5.418094,7.917838,-0.255456,0.557831,0.187430,-10.773180,23.884184,38.438059
chest,1790781833.705958,6610,661,1.996288,5.393606,7.943188,-0.266171,0.559762,0.190428,,,
chest,1790781833.715958,6620,662,1.962008,5.368205,7.968895,-0.276850,0.561638,0.193512,,,
chest,1790781833.725958,6630,663,1.927553,5.341888,7.994946,-0.287493,0.563458,0.196681,,,
chest,1790781833.735958,6640,664,1.892925,5.314652,8.021327,-0.298097,0.565220,0.199933,,,
chest,1790781833.745958,6650,665,1.858129,5.286495,8.048025,-0.308662,0.566923,0.203270,,,
chest,1790781833.755958,6660,666,1.823166,5.257415,8.075026,-0.319185,0.568565,0.206690,,,
chest,1790781833.765958,6670,667,1.788039,5.227409,8.102314,-0.329666,0.570145,0.210194,,,
chest,1790781833.775958,6680,668,1.752752,5.196476,8.129876,-0.340102,0.571663,0.213780,,,
chest,1790781833.785958,6690,669,1.717307,5.164615,8.157695,-0.350493,0.573116,0.217448,,,
chest,1790781833.795958,6700,670,1.681708,5.131823,8.185758,-0.360836,0.574503,0.221197,-12.475716,22.934798,38.501319
chest,1790781833.805958,6710,671,1.645956,5.098100,8.214048,-0.371132,0.575823,0.225028,,,
chest,1790781833.815958,6720,672,1.610056,5.063445,8.242550,-0.381377,0.577074,0.228939,,,
chest,1790781833.825958,6730,673,1.574010,5.027858,8.271247,-0.391571,0.578256,0.232929,,,
chest,1790781833.835958,6740,674,1.537822,4.991337,8.300123,-0.401713,0.579366,0.236997,,,
chest,1790781833.845958,6750,675,1.501494,4.953883,8.329162,-0.411800,0.580403,0.241143,,,
chest,1790781833.855958,6760,676,1.465030,4.915497,8.358347,-0.421831,0.581366,0.245367,,,
chest,1790781833.865958,6770,677,1.428432,4.876178,8.387661,-0.431806,0.582254,0.249666,,,
chest,1790781833.875958,6780,678,1.391704,4.835928,8.417087,-0.441723,0.583065,0.254040,,,
chest,1790781833.885958,6790,679,1.354849,4.794747,8.446607,-0.451579,0.583797,0.258487,,,
chest,1790781833.895958,6800,680,1.317870,4.752638,8.476204,-0.461375,0.584450,0.263008,-14.174397,21.669690,38.645970
chest,1790781833.905958,6810,681,1.280771,4.709601,8.505861,-0.471109,0.585022,0.267600,,,
chest,1790781833.915958,6820,682,1.243555,4.665640,8.535558,-0.480778,0.585511,0.272262,,,
chest,1790781833.925958,6830,683,1.206225,4.620756,8.565280,-0.490383,0.585916,0.276994,,,
chest,1790781833.935958,6840,684,1.168784,4.574953,8.595006,-0.499921,0.586237,0.281793,,,
chest,1790781833.945958,6850,685,1.131235,4.528234,8.624720,-0.509391,0.586470,0.286659,,,
chest,1790781833.955958,6860,686,1.093583,4.480602,8.654401,-0.518792,0.586616,0.291589,,,
chest,1790781833.965958,6870,687,1.055830,4.432061,8.684034,-0.528123,0.586673,0.296583,,,
chest,1790781833.975958,6880,688,1.017980,4.382616,8.713597,-0.537382,0.586639,0.301640,,,
chest,1790781833.985958,6890,689,0.980036,4.332271,8.743074,-0.546568,0.586514,0.306756,,,
chest,1790781833.995958,6900,690,0.942002,4.281032,8.772445,-0.555679,0.586295,0.311932,-15.845119,20.128914,38.829873
chest,1790781834.005958,6910,691,0.903880,4.228903,8.801691,-0.564716,0.585983,0.317165,,,
chest,1790781834.015958,6920,692,0.865675,4.175891,8.830794,-0.573675,0.585575,0.322453,,,
chest,1790781834.025958,6930,693,0.827390,4.122002,8.859735,-0.582556,0.585070,0.327795,,,
chest,1790781834.035958,6940,694,0.789028,4.067243,8.888495,-0.591358,0.584468,0.333189,,,
chest,1790781834.045958,6950,695,0.750594,4.011621,8.917056,-0.600079,0.583767,0.338633,,,
chest,1790781834.055958,6960,696,0.712089,3.955143,8.945399,-0.608719,0.582966,0.344125,,,
chest,1790781834.065958,6970,697,0.673519,3.897818,8.973504,-0.617276,0.582064,0.349664,,,
chest,1790781834.075958,6980,698,0.634886,3.839654,9.001353,-0.625748,0.581060,0.355246,,,
chest,1790781834.085958,6990,699,0.596194,3.780659,9.028929,-0.634135,0.579953,0.360872,,,
chest,1790781834.095958,7000,700,0.557447,3.720842,9.056212,-0.642436,0.578742,0.366537,-17.463837,18.359664,39.012013
chest,1790781834.105958,7010,701,0.518648,3.660215,9.083183,-0.650649,0.577426,0.372241,,,
chest,1790781834.115958,7020,702,0.479800,3.598785,9.109825,-0.658772,0.576004,0.377980,,,
chest,1790781834.125958,7030,703,0.440908,3.536565,9.136120,-0.666806,0.574476,0.383753,,,
chest,1790781834.135958,7040,704,0.401975,3.473565,9.162049,-0.674749,0.572841,0.389559,,,
chest,1790781834.145958,7050,705,0.363005,3.409795,9.187595,-0.682600,0.571097,0.395393,,,
chest,1790781834.155958,7060,706,0.324000,3.345269,9.212740,-0.690357,0.569245,0.401254,,,
chest,1790781834.165958,7070,707,0.284966,3.279998,9.237467,-0.698019,0.567283,0.407141,,,
chest,1790781834.175958,7080,708,0.245905,3.213994,9.261758,-0.705587,0.565212,0.413050,,,
chest,1790781834.185958,7090,709,0.206821,3.147271,9.285596,-0.713057,0.563030,0.418979,,,
chest,1790781834.195958,7100,710,0.167718,3.079843,9.308965,-0.720430,0.560737,0.424925,-19.007178,16.415149,39.156992
chest,1790781834.205958,7110,711,0.128599,3.011722,9.331848,-0.727704,0.558332,0.430887,,,
chest,1790781834.215958,7120,712,0.089468,2.942923,9.354228,-0.734879,0.555815,0.436862,,,
chest,1790781834.225958,7130,713,0.050328,2.873460,9.376091,-0.741952,0.553187,0.442847,,,
chest,1790781834.235958,7140,714,0.011184,2.803350,9.397419,-0.748924,0.550446,0.448841,,,
chest,1790781834.245958,7150,715,-0.027961,2.732606,9.418199,-0.755793,0.547592,0.454839,,,
chest,1790781834.255958,7160,716,-0.067103,2.661245,9.438414,-0.762559,0.544626,0.460841,,,
chest,1790781834.265958,7170,717,-0.106239,2.589283,9.458050,-0.769220,0.541546,0.466843,,,
chest,1790781834.275958,7180,718,-0.145366,2.516736,9.477093,-0.775775,0.538354,0.472843,,,
chest,1790781834.285958,7190,719,-0.184478,2.443621,9.495529,-0.782224,0.535048,0.478838,,,
chest,1790781834.295958,7200,720,-0.223574,2.369956,9.513344,-0.788565,0.531630,0.484826,-20.453054,14.352346,39.238791
chest,1790781834.305958,7210,721,-0.262648,2.295757,9.530525,-0.794798,0.528100,0.490804,,,
chest,1790781834.315958,7220,722,-0.301698,2.221043,9.547059,-0.800922,0.524456,0.496769,,,
chest,1790781834.325958,7230,723,-0.340721,2.145832,9.562934,-0.806936,0.520701,0.502720,,,
chest,1790781834.335958,7240,724,-0.379711,2.070142,9.578137,-0.812839,0.516834,0.508653,,,
chest,1790781834.345958,7250,725,-0.418666,1.993991,9.592659,-0.818630,0.512855,0.514566,,,
chest,1790781834.355958,7260,726,-0.457582,1.917400,9.606486,-0.824308,0.508765,0.520456,,,
chest,1790781834.365958,7270,727,-0.496455,1.840387,9.619610,-0.829873,0.504565,0.526321,,,
chest,1790781834.375958,7280,728,-0.535282,1.762971,9.632019,-0.835324,0.500255,0.532158,,,
chest,1790781834.385958,7290,729,-0.574059,1.685173,9.643704,-0.840660,0.495835,0.537965,,,
chest,1790781834.395958,7300,730,-0.612783,1.607013,9.654656,-0.845881,0.491308,0.543739,-21.781218,12.228863,39.243260
chest,1790781834.405958,7310,731,-0.651450,1.528510,9.664867,-0.850985,0.486672,0.549477,,,
chest,1790781834.415958,7320,732,-0.690057,1.449686,9.674328,-0.855972,0.481930,0.555178,,,
chest,1790781834.425958,7330,733,-0.728600,1.370560,9.683031,-0.860840,0.477081,0.560838,,,
chest,1790781834.435958,7340,734,-0.767074,1.291154,9.690970,-0.865591,0.472128,0.566455,,,
chest,1790781834.445958,7350,735,-0.805478,1.211489,9.698138,-0.870222,0.467071,0.572027,,,
chest,1790781834.455958,7360,736,-0.843808,1.131586,9.704529,-0.874733,0.461911,0.577551,,,
chest,1790781834.465958,7370,737,-0.882059,1.051466,9.710138,-0.879124,0.456649,0.583025,,,
chest,1790781834.475958,7380,738,-0.920228,0.971150,9.714959,-0.883394,0.451287,0.588447,,,
chest,1790781834.485958,7390,739,-0.958313,0.890660,9.718989,-0.887542,0.445826,0.593814,,,
chest,1790781834.495958,7400,740,-0.996309,0.810018,9.722223,-0.891568,0.440267,0.599123,-22.973752,10.099341,39.168993
chest,1790781834.505958,7410,741,-1.034213,0.729245,9.724659,-0.895471,0.434612,0.604374,,,
chest,1790781834.515958,7420,742,-1.072022,0.648363,9.726293,-0.899250,0.428861,0.609562,,,
chest,1790781834.525958,7430,743,-1.109732,0.567394,9.727124,-0.902906,0.423017,0.614687,,,
chest,1790781834.535958,7440,744,-1.147341,0.486360,9.727150,-0.906437,0.417082,0.619747,,,
chest,1790781834.545958,7450,745,-1.184843,0.405282,9.726370,-0.909844,0.411056,0.624738,,,
chest,1790781834.555958,7460,746,-1.222237,0.324182,9.724784,-0.913125,0.404941,0.629659,,,
chest,1790781834.565958,7470,747,-1.259519,0.243082,9.722392,-0.916280,0.398740,0.634508,,,
chest,1790781834.575958,7480,748,-1.296685,0.162004,9.719195,-0.919309,0.392454,0.639283,,,
chest,1790781834.585958,7490,749,-1.333733,0.080969,9.715193,-0.922211,0.386085,0.643982,,,
chest,1790781834.595958,7500,750,-1.370659,0.000000,9.710390,-0.924986,0.379634,0.648603,-24.015436,8.012048,39.026477
chest,1790781834.605958,7510,751,-1.407460,-0.080883,9.704787,-0.927634,0.373104,0.653145,,,
chest,1790781834.615958,7520,752,-1.444133,-0.161657,9.698388,-0.930154,0.366496,0.657605,,,
chest,1790781834.625958,7530,753,-1.480674,-0.242302,9.691196,-0.932546,0.359813,0.661982,,,
chest,1790781834.635958,7540,754,-1.517080,-0.322796,9.683215,-0.934809,0.353057,0.666275,,,
chest,1790781834.645958,7550,755,-1.553349,-0.403118,9.674450,-0.936944,0.346230,0.670481,,,
chest,1790781834.655958,7560,756,-1.589476,-0.483248,9.664907,-0.938949,0.339333,0.674600,,,
chest,1790781834.665958,7570,757,-1.625460,-0.563163,9.654590,-0.940825,0.332370,0.678629,,,
chest,1790781834.675958,7580,758,-1.661297,-0.642845,9.643507,-0.942572,0.325342,0.682568,,,
chest,1790781834.685958,7590,759,-1.696983,-0.722272,9.631664,-0.944189,0.318251,0.686415,,,
chest,1790781834.695958,7600,760,-1.732517,-0.801424,9.619069,-0.945676,0.311100,0.690168,-24.893987,6.006263,38.835734
chest,1790781834.705958,7610,761,-1.767895,-0.880281,9.605729,-0.947033,0.303891,0.693827,,,
chest,1790781834.715958,7620,762,-1.803113,-0.958824,9.591654,-0.948260,0.296627,0.697390,,,
chest,1790781834.725958,7630,763,-1.838170,-1.037033,9.576851,-0.949356,0.289309,0.700857,,,
chest,1790781834.735958,7640,764,-1.873062,-1.114888,9.561331,-0.950322,0.281941,0.704226,,,
chest,1790781834.745958,7650,765,-1.907786,-1.192372,9.545103,-0.951157,0.274524,0.707496,,,
chest,1790781834.755958,7660,766,-1.942340,-1.269465,9.528177,-0.951861,0.267061,0.710667,,,
chest,1790781834.765958,7670,767,-1.976721,-1.346149,9.510565,-0.952435,0.259554,0.713738,,,
chest,1790781834.775958,7680,768,-2.010925,-1.422406,9.492277,-0.952878,0.252006,0.716707,,,
chest,1790781834.785958,7690,769,-2.044951,-1.498218,9.473326,-0.953190,0.244420,0.719575,,,
chest,1790781834.795958,7700,770,-2.078796,-1.573568,9.453723,-0.953371,0.236797,0.722340,-25.600148,4.110957,38.622953
chest,1790781834.805958,7710,771,-2.112456,-1.648438,9.433481,-0.953421,0.229140,0.725003,,,
chest,1790781834.815958,7720,772,-2.145929,-1.722813,9.412613,-0.953341,0.221452,0.727562,,,
chest,1790781834.825958,7730,773,-2.179213,-1.796675,9.391133,-0.953130,0.213735,0.730018,,,
chest,1790781834.835958,7740,774,-2.212305,-1.870010,9.369053,-0.952788,0.205992,0.732370,,,
chest,1790781834.845958,7750,775,-2.245202,-1.942800,9.346389,-0.952316,0.198225,0.734617,,,
chest,1790781834.855958,7760,776,-2.277902,-2.015032,9.323154,-0.951713,0.190437,0.736761,,,
chest,1790781834.865958,7770,777,-2.310402,-2.086689,9.299363,-0.950980,0.182629,0.738799,,,
chest,1790781834.875958,7780,778,-2.342701,-2.157759,9.275032,-0.950117,0.174805,0.740733,,,
chest,1790781834.885958,7790,779,-2.374794,-2.228226,9.250176,-0.949124,0.166967,0.742563,,,
chest,1790781834.895958,7800,780,-2.406681,-2.298077,9.224810,-0.948002,0.159118,0.744288,-26.127626,2.344985,38.416770
chest,1790781834.905958,7810,781,-2.438359,-2.367299,9.198950,-0.946750,0.151260,0.745909,,,
chest,1790781834.915958,7820,782,-2.469825,-2.435879,9.172614,-0.945368,0.143394,0.747426,,,
chest,1790781834.925958,7830,783,-2.501077,-2.503804,9.145817,-0.943858,0.135525,0.748839,,,
chest,1790781834.935958,7840,784,-2.532113,-2.571064,9.118576,-0.942220,0.127654,0.750148,,,
chest,1790781834.945958,7850,785,-2.562930,-2.637645,9.090908,-0.940452,0.119783,0.751355,,,
chest,1790781834.955958,7860,786,-2.593527,-2.703538,9.062830,-0.938557,0.111915,0.752460,,,
chest,1790781834.965958,7870,787,-2.623901,-2.768731,9.034360,-0.936535,0.104053,0.753462,,,
chest,1790781834.975958,7880,788,-2.654050,-2.833214,9.005515,-0.934384,0.096198,0.754363,,,
chest,1790781834.985958,7890,789,-2.683972,-2.896978,8.976313,-0.932107,0.088353,0.755164,,,
chest,1790781834.995958,7900,790,-2.713665,-2.960012,8.946772,-0.929704,0.080519,0.755865,-26.472897,0.718683,38.244859
chest,1790781835.005958,7910,791,-2.743126,-3.022309,8.916910,-0.927174,0.072701,0.756467,,,
chest,1790781835.015958,7920,792,-2.772355,-3.083858,8.886746,-0.924519,0.064898,0.756970,,,
chest,1790781835.025958,7930,793,-2.801348,-3.144654,8.856296,-0.921739,0.057114,0.757376,,,
chest,1790781835.035958,7940,794,-2.830104,-3.204686,8.825581,-0.918834,0.049351,0.757686,,,
chest,1790781835.045958,7950,795,-2.858622,-3.263950,8.794618,-0.915805,0.041611,0.757901,,,
chest,1790781835.055958,7960,796,-2.886898,-3.322436,8.763425,-0.912652,0.033896,0.758021,,,
chest,1790781835.065958,7970,797,-2.914931,-3.380140,8.732022,-0.909376,0.026208,0.758049,,,
chest,1790781835.075958,7980,798,-2.942720,-3.437055,8.700427,-0.905978,0.018548,0.757984,,,
chest,1790781835.085958,7990,799,-2.970263,-3.493175,8.668659,-0.902458,0.010920,0.757829,,,
chest,1790781835.095958,8000,800,-2.997558,-3.548496,8.636736,-0.898816,0.003324,0.757584,-26.634882,-0.763501,38.131353
